Iru,)vl,,sBrijos,Zolin,Malrimo,,Bodi,Valerio,Iru,Posh
"I,\EIL )","""River", Marimo,Cobalt,rAlvon,Jaden,Dongvan ),Lu,Posh,River,Baerd
 Ruéert,eVanille,Koster,Ru[;ert,Zolin,Mor{arin,1Zolin,River,v- Mondrin,Iru,Vanille
Py &River, ,rAru,&Donovan,il\ELITIY,", £LEr]",,Zolin, ELLENED,Alvarez,Lu
Berr{ard,Yurinil,La{)n,Razi,~ Mikhail,Zo‘in,Iru,Otis,Dodd,Vanille,Zolin
,Y\EIL),IBodi,Orfog,Hivani,|LEr],1Zolin,Vanille,v“Rupert,GIEL,Zolin
rAlvon,%Marimo,IBodi,Alvon, ,&],"I,Valerio",Hivani,Bernard,Bodi,Aru
Isolde,"1,Dodd",rPosh,Rikki,Zolin,1Zolin,1Zolin,Laion,Brifos,Marimo,River
rAlvon,,1Zolin,River,,Baerd,", fvl",Zolin,Marimo,Aru,Posh
1Zolin,AKoster, ,Zolin,48Bernard,LLEr],.Marimo,Aru,River,River,Lu
Mar?mo,Bernard,,Zolin,Hivani,\§:EGENG],,7.0, ,Zolin,Valerio
IBernard,7Alvon,r:EGEIG],Ru[;ert, ,PBrijos,&Brijos,Zolin,v- Baerd,Lu,Dodd
1Zolin,Ru[gert,Ru;ert_,Posh,-Marimo,%Marimo,1AKoster,River,Koster,Iru,Isolde
"I,Valerio", , ,Aru,Avl,],AAlvon,Lu,Iru,Zolin,Valerio
APosh,AKoster,r:EGEIG],Vanille, ,Bagrd,"I,Valerio",Baerd,Marimo,Dodd,Suren
) Dongvan,Hivani,,Posh,TPosh,Ru;gert,1Zolin,Bodi,Alvon,Lu,Razi
,APosh, ,Zolin,Hivani,TBodi, ,Zolin,¢~ Isolde,Dodd,Lu
) Dongvan .,(CHT,Zo‘in,Razi,Laion,Ri\rer,Var{ille,Bernard,Iru,Zolin,Koster
rIru,eBrijos,1Zolin,,&LEr],%Marimo,&:EGETG],Otis,Alvon,Bernard,Bernard
