Screenshot_20211021-105520_V4,헤 지 트,[ 一 上 扎,헤 지 트,純 刀 玲,바 튼 즈,閻 分 心,라제,[ 一 1 一 4,달 리 아,유 리 닐,바 론 즈
Screenshot_20211021-105530_V4,라제,해 마,︱龜ˍ疊筌,카 바 시 안,633,사 [ 겨,리 비,讓 刁 己,루,硒 刁 上,魔 六 上
Screenshot_20211021-105539_V4,헤 지 트,結 初 玫,︱龜ˍ疊筌,헤 지 트,베 나 스,바 른 즈,바 른 즈,루,카 바 시 안,라제,브 리 조 스
Screenshot_20211021-105551_V4,루 덴,바 른 즈,도 리 언,루 덴,헤 지 트,혜 지 느,바 른 즈,바 른 즈,리 비,혜는,조 린
Screenshot_20211021-105602_V4,마 리 모,라 코 브,토 빈 스,발 레 리 오,바 른 즈,150131,바 른 즈,마 리 모,. [88 의,:]6-541[31,혜돈
Screenshot_20211021-105610_V4,마 빈,루 덴,[ 毛 d,玫 司,바 튼 즈,혜 지 느,바 른 즈,바 른 즈,. | 普,라 코 브,헤 지 느
Screenshot_20211021-105617_V4,마 빈,][56][3],푸 스,L,발 레 리 오,혜 지 느,루 덴,論 刁 己,바 론 즈,바 른 즈,푸 스
Screenshot_20211021-105624_V4,라 코 니,마 리 모,해 마,바 른 즈,헤 지 트,달 리 아,카 바 시 안,論 刁 己,조 린,譚 刁 心,헤 지 느
Screenshot_20211021-105633_V4,푸 스,바 른 즈,바 른 즈,바 른 즈,泵 刀 王,| 琢 天,라 코 브,바 른 즈,아루,파 닐 레,일 로
Screenshot_20211021-105639_V4,바 른 즈,[ 구 저,바 른 즈,바 른 즈,버 나 드,혜 지 느,‥ 4|,마 빈,브 리 조 스,파 닐 레,君 它
Screenshot_20211021-105647_V4,헤 지 트,바 른 즈,︱龜_呈岌_Eˍ,바 른 즈,알 펀,일 로,(' 호 ㅋ,파 닐 레,바 론 즈,발 레 리 오,4 力
Screenshot_20211021-105657_V4,酬】置ˍ(,파 닐 레,루,혜돈,조 린,혜 지 느,해 지 드,讓 刁 己,푸 스,발 레 리 오,유 리 닐
Screenshot_20211021-105709_V4,아루,유 리 닐,리 비,8기,헤 지 트,不 上 扎,關 分 玲,諳 刁 己,| 呈 夯,조 린,조 린
Screenshot_20211021-105716_V4,4,베 나 스,베 나 스,카 바 시 안,푸 스,閻 分 心,﹒ 4|,,헤 지 느,바 른 즈,알 런
Screenshot_20211021-105723_V4,발 레 리 오,素 刀 玫,기,바 른 즈,바 튼 즈,E 內,g 弓 0,651131,알 런,硒 刁 上,도 리 언
Screenshot_20211021-105734_V4,버 나 드,마 리 모,기,:]655][31,일 로,베 나 스,L 才 K,도톨드스,루,푸 스,바 본 즈
Screenshot_20211021-105741_V4,헤 지 트,賣龜ˍ】〝妻丕,[ 一 下 扣,헤 지 트,도 리 언,포드,바 른 즈,論 刁 己,베 나 스,| 亡 多 ||4j,도 스
Screenshot_20211021-105749_V4,바 른 즈,루 덴,頊 刀 玲,統 刀 玲,헤 지 트,파 닐 레,카 바 시 안,조 린,라제,조 린,바 본 즈
Screenshot_20211021-105756_V4,푸 스,][561[3|,헤 지 트,바 른 즈,코 스 터,라 코 브,E 內,헤 는,헤 지 느,. [01 의,파 닐 레
Screenshot_20211021-105804_V4,아루,헤 지 트,臣 凹 入,[,유 리 닐,바 른 즈,파 닐 레,파 닐 레,헤 지 느,헤 돈,踞 刈 上
Screenshot_20211021-105812_V4,푸 스,[ 구 저,바 른 즈,바 른 즈,토 닛 스,라제,0la 于,바 른 즈,바 론 즈,루,라제
Screenshot_20211021-105827_V4,푸 스,헤 지 트,해 마,︱龜ˍ】`妻筌,門 日,유 리 닐,바 른 즈,바 른 즈,헤 지 느,，,헤 지 느
Screenshot_20211021-105835_V4,바 른 즈,해 마,기,바 른 즈,硅 別 王,趾 E,리 비,파 닐 레,발 레 리 오,| 呈 夯,아루
Screenshot_20211021-105842_V4,아루,633,달 리 아,버 나 드,﹩ M 入,도 리 언,유 리 닐,토 보 스,라 코 브,바 른 즈,헤 지 느
Screenshot_20211021-105849_V4,마 빈,바 른 즈,리 비,바 른 즈,달 리 아,字 山,바 른 즈,바 른 즈,아루,루,", 1최"
Screenshot_20211021-105855_V4,라제,라제,︱龜ˍ疊筌,[ 一 下 扣,3기,아루,; 3,論 刁 己,바 론 즈,B 秀 之,바 본 즈
Screenshot_20211021-105903_V4,헤 지 트,素 刀 玫,마 리 모,아루,버 나 드,閻 分 心,바 른 즈,코 스 터,바 론 즈,도 리 언,아루
Screenshot_20211021-105909_V4,라제,베 나 스,16][31,헨}흔즈,라제,도 리 언,해 지 느,論 刁 三,토 보 스,. [01 의,. [
Screenshot_20211021-105919_V4,헤 지 트,바 른 즈,& 么,바 른 즈,바 튼 즈,…I‥'j‥】'上,바 른 즈,白 凹,알 런,[ 一 ﹣ 匕 子 」,헤 지 느
Screenshot_20211021-105926_V4,도 리 언,바 른 즈,헤 지 트,베 나 스,리 비,바 른 즈,유 리 닐,일 로,鴻 分 巳,覷 U,아루
Screenshot_20211021-105932_V4,헤 지 트,유 리 닐,카 바 시 안,버 나 드,카 바 시 안,바 른 즈,閻 刈 王,발 레 리 오,| 亡 多 ||4,아루,헤 지 느
Screenshot_20211021-105940_V4,베 |﹑ˉ′ˍ 人,바 른 즈,카 바 시 안,﹣ 下 上 毛,바 른 즈,파 닐 레,﹒ 4|,푸 스,4 力,바 른 즈,바 론 즈
Screenshot_20211021-105947_V4,M,結 刈 玫,:]656][31,코 스 터,유 리 닐,혜돈,아루,아루,도 스,呈 夯,田 和 夯
Screenshot_20211021-105954_V4,바 른 즈,바 른 즈,루 덴,마 리 모,코 스 터,혜 지 느,閻 分 玖,도 리 언,리 비,바 른 즈,바 론 즈
Screenshot_20211021-110000_V4,달 리 아,賣龜ˍ盎丕,아루,카 바 시 안,【,파 닐 레,리 비,바 른 즈,【 年 刁,바 른 즈,헤 지 느
Screenshot_20211021-110006_V4,아루,버 나 드,바 른 즈,玫 司,달 리 아,달 리 아,해 지 트,달 리 아,| 呂 夯,. [01 의,토 보 스
Screenshot_20211021-110012_V4,도 리 언,알 펀,푸 스,코 스 터,[ 一 世 主,j 吳 2|E|,바 른 즈,바 른 즈,알 런,도 스,파 닐 레
Screenshot_20211021-110019_V4,|E |,헤 지 트,도 리 언,純 刀 玲,바 른 즈,혜 지 느,‥,論 刁 己,카 바 시 안,. [01 의,罪
Screenshot_20211021-110026_V4,아루,結 刀 玫,도 리 언,L,頌 刀 王,브 리 조 스,마 리 모,루,바 론 즈,바 른 즈,유 리 닐
Screenshot_20211021-110033_V4,L4z,摹龜ˍ】〝妻丕,발 레 리 오,달 리 아,베 나 스,일 로,카 바 시 안,論 刁 己,헤 지 느,硍 刁 上,[ : 6
Screenshot_20211021-110046_V4,마 리 모,달 리 아,︱龜_呈岌_Eˍ,[,泵 刀 王,v 口 巳,해 지 드,白 凹,베 나 스,아루,무스
